,Economic,Capacity,Morality,Fairness,"Legality,",Policy,Crime,Security,Health,Quality,Cultural,Public,Political,External,Other
0,0.36337709426879883,0.09989480674266815,0.059076081961393356,0.04435334354639053,0.0035268026404082775,0.08395300060510635,0.04624081030488014,0.4377237558364868,0.1311667561531067,0.21168488264083862,0.037314314395189285,0.068890780210495,0.11832844465970993,0.016246814280748367,0.09801755100488663
1,0.31882306933403015,0.19181331992149353,0.12150885909795761,0.04030231013894081,0.01578565314412117,0.08284164220094681,0.047003328800201416,0.2737153470516205,0.024107694625854492,0.366033136844635,0.04850929230451584,0.514697790145874,0.26348382234573364,0.0127997025847435,0.15582002699375153
2,0.18098431825637817,0.2786463499069214,0.016806883737444878,0.14858868718147278,0.031917013227939606,0.061780110001564026,0.21590185165405273,0.3139704763889313,0.07972019165754318,0.3191828429698944,0.06442031264305115,0.3127357065677643,0.2845612168312073,0.022129841148853302,0.12750688195228577
3,0.7360973954200745,0.540971040725708,0.23686982691287994,0.14820046722888947,0.14033693075180054,0.3881229758262634,0.1507491022348404,0.6005595922470093,0.0848267674446106,0.4723045527935028,0.10651768743991852,0.8374729156494141,0.6934735774993896,0.031793590635061264,0.2733449935913086
4,0.12061227858066559,0.2259739637374878,0.01337357796728611,0.09793812036514282,0.0042029377073049545,0.04683968424797058,0.011627739295363426,0.2214766889810562,0.025585032999515533,0.1621391773223877,0.037937555462121964,0.36460092663764954,0.07310584932565689,0.01805015467107296,0.166009321808815
5,0.004981043748557568,0.005331931170076132,0.0006923812325112522,0.0006162721547298133,0.00017595704412087798,0.004349860828369856,0.0007783858454786241,0.01303450670093298,0.0012632377911359072,0.006470798514783382,0.0037376072723418474,0.0013753812527284026,0.005874534137547016,0.0004733279347419739,0.017584361135959625
6,0.4596869945526123,0.33077600598335266,0.1916043609380722,0.1674051135778427,0.01898662932217121,0.17729099094867706,0.06713295727968216,0.6093019247055054,0.1750836819410324,0.32632774114608765,0.22943493723869324,0.8684685826301575,0.4569152593612671,0.012881472706794739,0.1391194611787796
7,0.14654874801635742,0.436862051486969,0.08406548202037811,0.15502195060253143,0.060889627784490585,0.38482406735420227,0.023013021796941757,0.19331273436546326,0.18148794770240784,0.21690316498279572,0.06243966892361641,0.32387807965278625,0.1514122486114502,0.015585392713546753,0.10617510974407196
8,0.03038587048649788,0.07825515419244766,0.024232827126979828,0.006677254568785429,0.014782838523387909,0.03475575149059296,0.016951559111475945,0.07966116070747375,0.03209957852959633,0.07774662226438522,0.015484395436942577,0.3182588517665863,0.6653206944465637,0.011086626909673214,0.10371337085962296
9,0.5743526816368103,0.43614354729652405,0.20046034455299377,0.3033526837825775,0.04523462429642677,0.20727340877056122,0.13013684749603271,0.6009753942489624,0.364351749420166,0.343854159116745,0.16989241540431976,0.48357853293418884,0.19184234738349915,0.03699387609958649,0.11540580540895462
10,0.8548901081085205,0.9133632183074951,0.41176313161849976,0.27183255553245544,0.08615497499704361,0.4425376355648041,0.21643327176570892,0.7790084481239319,0.3121858835220337,0.5424365401268005,0.1421465277671814,0.7529029250144958,0.5786451101303101,0.07250943034887314,0.29545244574546814
11,0.782313883304596,0.2766530513763428,0.06967045366764069,0.02902255952358246,0.09693951159715652,0.10165823996067047,0.3294101655483246,0.36850252747535706,0.05070694163441658,0.4128730595111847,0.02255544625222683,0.11858798563480377,0.08500757068395615,0.01680629327893257,0.09191058576107025
12,0.5244916081428528,0.452797532081604,0.023157142102718353,0.055882737040519714,0.21235717833042145,0.13822071254253387,0.31752070784568787,0.46719232201576233,0.06185178458690643,0.4099799394607544,0.014297337271273136,0.18513019382953644,0.18474799394607544,0.0337187834084034,0.009091626852750778
13,0.07173765450716019,0.13956619799137115,0.01321068312972784,0.01076095923781395,0.003396688960492611,0.03536466881632805,0.01363984402269125,0.08642001450061798,0.009480869397521019,0.11129962652921677,0.022174248471856117,0.46757403016090393,0.0769142434000969,0.008999180980026722,0.14279848337173462
14,0.010420945473015308,0.02636556886136532,0.002893861848860979,0.018128084018826485,0.001251949230208993,0.008087439462542534,0.002047796966508031,0.513658344745636,0.2709055542945862,0.07302738726139069,0.011995073407888412,0.007374269422143698,0.02567923627793789,0.016202205792069435,0.07562826573848724
15,0.6185860633850098,0.7114900350570679,0.10086720436811447,0.2518988847732544,0.17049475014209747,0.5675182342529297,0.2583051025867462,0.38368403911590576,0.5285415053367615,0.6395508646965027,0.1441345363855362,0.4599665105342865,0.2712690830230713,0.03735964372754097,0.06381188333034515
16,0.6620408892631531,0.6373423933982849,0.24024668335914612,0.3533959984779358,0.18227851390838623,0.8863791823387146,0.221258744597435,0.8254541158676147,0.6414379477500916,0.39314982295036316,0.18226252496242523,0.49754980206489563,0.4561234712600708,0.29772689938545227,0.154642716050148
17,0.43810683488845825,0.3074994683265686,0.22798366844654083,0.08515666425228119,0.02721511945128441,0.3428615629673004,0.07450997829437256,0.49295574426651,0.38479626178741455,0.1904761642217636,0.06470499187707901,0.8594925403594971,0.34562572836875916,0.022229041904211044,0.14067716896533966
18,0.15102232992649078,0.5912317037582397,0.0201862845569849,0.03651760146021843,0.0036231251433491707,0.14364059269428253,0.015021415427327156,0.42702075839042664,0.5381109714508057,0.12438845634460449,0.00973098911345005,0.012415021657943726,0.015293421223759651,0.00576573284342885,0.029331710189580917
19,0.6546552181243896,0.5854263305664062,0.21003682911396027,0.394008994102478,0.29176461696624756,0.598771333694458,0.3339909315109253,0.5512909889221191,0.4991535544395447,0.5426276922225952,0.1716568022966385,0.4266110360622406,0.3340056538581848,0.041631702333688736,0.19399698078632355
20,0.31725743412971497,0.08890295028686523,0.08000887930393219,0.055126599967479706,0.012260218150913715,0.10547332465648651,0.05661191791296005,0.24953271448612213,0.08616022765636444,0.22599400579929352,0.05590445548295975,0.09446080029010773,0.08800096064805984,0.00937691330909729,0.06416865438222885
21,0.28459590673446655,0.3758627772331238,0.040444619953632355,0.2347237765789032,0.17537108063697815,0.6257511377334595,0.41648370027542114,0.5813970565795898,0.4458776116371155,0.3746284544467926,0.07849153876304626,0.24400901794433594,0.14410006999969482,0.03759020194411278,0.17764776945114136
22,0.5534408092498779,0.7722088694572449,0.20261791348457336,0.4156191051006317,0.1834610253572464,0.6298638582229614,0.12838692963123322,0.6959851980209351,0.6791415810585022,0.46222954988479614,0.16924038529396057,0.7746783494949341,0.6370511651039124,0.0408056378364563,0.22911123931407928
23,0.5038652420043945,0.5568771958351135,0.46125298738479614,0.6494208574295044,0.38673171401023865,0.7398627996444702,0.20552808046340942,0.6607527732849121,0.5884993672370911,0.4960668385028839,0.33246996998786926,0.5751993060112,0.33747580647468567,0.02873842790722847,0.27695950865745544
24,0.6709542274475098,0.4888816773891449,0.44352224469184875,0.26478391885757446,0.1818622499704361,0.7129993438720703,0.2532179653644562,0.8169175982475281,0.3987264633178711,0.36998477578163147,0.19329769909381866,0.764338493347168,0.48794642090797424,0.09079301357269287,0.15529340505599976
25,0.01384990755468607,0.09338477998971939,0.006682941690087318,0.0074143423698842525,0.002816588617861271,0.005557121708989143,0.05094938725233078,0.13801415264606476,0.15985050797462463,0.040923189371824265,0.02798222005367279,0.20249375700950623,0.07653450220823288,0.016853991895914078,0.019136520102620125
26,0.6635383367538452,0.4845547676086426,0.18748149275779724,0.18635162711143494,0.06974972784519196,0.8617353439331055,0.06881814450025558,0.6314796805381775,0.6306310892105103,0.2777525782585144,0.07260695844888687,0.9306933283805847,0.37284034490585327,0.015995632857084274,0.0934254601597786
27,0.43771496415138245,0.5557460784912109,0.13520875573158264,0.11535219103097916,0.06811976432800293,0.19783887267112732,0.24154961109161377,0.2205958515405655,0.15209172666072845,0.3589758276939392,0.0921776220202446,0.6541625261306763,0.6687582731246948,0.04041903838515282,0.32394346594810486
28,0.6929419636726379,0.5470974445343018,0.11711353063583374,0.15132996439933777,0.0398605614900589,0.1629408299922943,0.01958649605512619,0.16821177303791046,0.01045833807438612,0.24279874563217163,0.06476762145757675,0.40933653712272644,0.213371142745018,0.018012093380093575,0.1393706053495407
29,0.09032347053289413,0.20116227865219116,0.06974846869707108,0.040386877954006195,0.014008802361786366,0.20579893887043,0.03919530287384987,0.4989885091781616,0.11081845313310623,0.09258697181940079,0.07449434697628021,0.815339982509613,0.18059581518173218,0.011130168102681637,0.10818976163864136
30,0.1918397694826126,0.8745332956314087,0.01747809536755085,0.014632334001362324,0.01434761006385088,0.016828441992402077,0.0030014789663255215,0.5339948534965515,0.05115541070699692,0.08595488220453262,0.028616905212402344,0.7625136375427246,0.4081313908100128,0.0029572839848697186,0.6253380179405212
31,0.17121706902980804,0.47440847754478455,0.01457078754901886,0.017840126529335976,0.0021031431388109922,0.032227616757154465,0.035080958157777786,0.15005062520503998,0.04039808735251427,0.44030898809432983,0.010703857988119125,0.0785229355096817,0.021148771047592163,0.04243960976600647,0.05942895635962486
32,0.49369511008262634,0.5099014043807983,0.12141840904951096,0.06638986617326736,0.01932712458074093,0.2541618347167969,0.30118393898010254,0.5060428380966187,0.2914121747016907,0.4429541826248169,0.07965103536844254,0.6077211499214172,0.2371031641960144,0.024216972291469574,0.06985838711261749
33,0.22818168997764587,0.28527799248695374,0.015317891724407673,0.06271492689847946,0.003817333374172449,0.17630818486213684,0.005212452262639999,0.27577242255210876,0.1332452893257141,0.06618000566959381,0.03418741002678871,0.03857763856649399,0.04215610772371292,0.003359487047418952,0.04686194658279419
34,0.020697686821222305,0.15890519320964813,0.0029851803556084633,0.013865899294614792,0.0048690964467823505,0.01029770728200674,0.004228539764881134,0.046900223940610886,0.0021956556010991335,0.04034822806715965,0.026749610900878906,0.03921770676970482,0.029138464480638504,0.002430144464597106,0.05520804598927498
35,0.5193591713905334,0.5437772870063782,0.14813239872455597,0.15094736218452454,0.029205968603491783,0.2108980119228363,0.027597008273005486,0.27900925278663635,0.034177154302597046,0.1933254897594452,0.05301400646567345,0.4884040057659149,0.2754283547401428,0.017337078228592873,0.10842564702033997
36,0.6020506620407104,0.682656466960907,0.21701258420944214,0.36129897832870483,0.08713216334581375,0.4282166361808777,0.22287233173847198,0.5168634057044983,0.14272862672805786,0.3268643915653229,0.15533408522605896,0.7235173583030701,0.470490425825119,0.0386623740196228,0.3414934575557709
37,0.25022944808006287,0.1663702130317688,0.09762519598007202,0.025789007544517517,0.010286285541951656,0.10360849648714066,0.01535658910870552,0.10485834628343582,0.009596511721611023,0.08663128316402435,0.04809567704796791,0.40233704447746277,0.25505611300468445,0.013790056109428406,0.11518197506666183
38,0.2553568184375763,0.4779791533946991,0.060414016246795654,0.2753964364528656,0.06814775615930557,0.04829799383878708,0.3427521586418152,0.31953370571136475,0.17849184572696686,0.2922314703464508,0.09451407939195633,0.34828847646713257,0.3416953682899475,0.018355634063482285,0.22488676011562347
39,0.32671910524368286,0.42991548776626587,0.2961219549179077,0.3145315945148468,0.2433249056339264,0.5046969652175903,0.20164671540260315,0.4649505913257599,0.19166091084480286,0.3749873638153076,0.21218448877334595,0.9654379487037659,0.7491308450698853,0.028951434418559074,0.4206508696079254
40,0.6878727674484253,0.664929986000061,0.2778529226779938,0.2959461510181427,0.2827915847301483,0.43131500482559204,0.47274914383888245,0.6346428990364075,0.1948879212141037,0.4993038475513458,0.14397956430912018,0.9674385190010071,0.9614086747169495,0.09193355590105057,0.34975606203079224
41,0.6052576303482056,0.5274590253829956,0.3493345379829407,0.306277334690094,0.13267585635185242,0.07448745518922806,0.615319550037384,0.5959453582763672,0.0646045133471489,0.5171425938606262,0.09174612164497375,0.5592188835144043,0.838788628578186,0.1050809994339943,0.14233188331127167
42,0.6946187019348145,0.8471623659133911,0.33568426966667175,0.4829167127609253,0.30959418416023254,0.22276896238327026,0.22926607728004456,0.5523579120635986,0.6208866238594055,0.563881516456604,0.2268739491701126,0.8235304951667786,0.7983681559562683,0.033632174134254456,0.30792632699012756
43,0.6012791991233826,0.6856603622436523,0.051451247185468674,0.07304567098617554,0.06306242197751999,0.08537719398736954,0.18057803809642792,0.24507127702236176,0.016364190727472305,0.35309460759162903,0.05721230059862137,0.7144632339477539,0.9501223564147949,0.013682757504284382,0.1646929234266281
44,0.2785036563873291,0.704925000667572,0.16197501122951508,0.4857431650161743,0.12360598146915436,0.15037453174591064,0.141832634806633,0.4060344696044922,0.21007712185382843,0.39495912194252014,0.24372313916683197,0.8611949682235718,0.7546903491020203,0.03445912525057793,0.2869968116283417
45,0.13326112926006317,0.6294156312942505,0.07815999537706375,0.13754452764987946,0.00561258802190423,0.1003764197230339,0.0028321032878011465,0.03507699817419052,0.005629658233374357,0.19910001754760742,0.05129629746079445,0.9101265668869019,0.0595812126994133,0.0056458814069628716,0.12912529706954956
46,0.3666187524795532,0.3398691415786743,0.565937876701355,0.4569433033466339,0.07396947592496872,0.14247895777225494,0.07281075417995453,0.28800123929977417,0.1664206087589264,0.34070873260498047,0.7642961144447327,0.6313620209693909,0.15623153746128082,0.010353595949709415,0.9577948451042175
47,0.0507134385406971,0.514310896396637,0.0561012402176857,0.2443181574344635,0.029717015102505684,0.09157975763082504,0.17229178547859192,0.36778196692466736,0.19770145416259766,0.39763343334198,0.053630996495485306,0.21970665454864502,0.048764992505311966,0.00572618655860424,0.24849562346935272
48,0.16192607581615448,0.37896406650543213,0.14310087263584137,0.06814973056316376,0.0171823613345623,0.08463042974472046,0.04466671124100685,0.24682112038135529,0.17685556411743164,0.35384151339530945,0.08346009254455566,0.3484813868999481,0.16262167692184448,0.010295740328729153,0.12074350565671921
49,0.001883595366962254,0.3636227548122406,0.07796555012464523,0.010940201580524445,0.010103712789714336,0.006556601729243994,0.04635506123304367,0.03537261113524437,0.03855793550610542,0.18459533154964447,0.14151105284690857,0.4860469400882721,0.4654553234577179,0.007763490546494722,0.13763591647148132
50,0.059456512331962585,0.28065505623817444,0.008769053034484386,0.01700264774262905,0.002224401105195284,0.027787355706095695,0.0033105730544775724,0.013570697046816349,0.0043252259492874146,0.050351012498140335,0.035313136875629425,0.6025471687316895,0.36374348402023315,0.006137345917522907,0.24248765408992767
51,0.3588254749774933,0.4177291691303253,0.24755865335464478,0.1450299620628357,0.041891273111104965,0.10825897753238678,0.0572529211640358,0.41869133710861206,0.03987488895654678,0.3659076392650604,0.2648056149482727,0.7492513656616211,0.8564547300338745,0.06694076955318451,0.24120718240737915
52,0.4549485445022583,0.21399526298046112,0.06365619599819183,0.07488775998353958,0.12458573281764984,0.03282351791858673,0.3212871551513672,0.8757647275924683,0.2793947756290436,0.2773160934448242,0.2396259903907776,0.2848646938800812,0.4485669732093811,0.027461523190140724,0.08927377313375473
53,0.005941051058471203,0.08881504088640213,0.0028044043574482203,0.03759947046637535,0.008649091236293316,0.008987982757389545,0.012620863504707813,0.11511101573705673,0.014299639500677586,0.08532232791185379,0.008248691447079182,0.03299857676029205,0.009697475470602512,0.007928239181637764,0.25391629338264465
54,0.011634685099124908,0.008821157738566399,0.004379446618258953,0.0006085459608584642,0.0003317956579849124,0.0065149301663041115,0.0012921066954731941,0.009547960013151169,0.001747851842083037,0.014835658483207226,0.004406738560646772,0.015475795604288578,0.0072337184101343155,0.0004448702384252101,0.04447181522846222
55,0.019761957228183746,0.026751266792416573,0.02184291183948517,0.007555476855486631,0.000856189988553524,0.017039082944393158,0.01667802222073078,0.14435648918151855,0.017956014722585678,0.1468597799539566,0.01907806284725666,0.009581223130226135,0.051726169884204865,0.004232650622725487,0.03439423441886902
56,0.4586714208126068,0.1242460384964943,0.1925659030675888,0.010608038865029812,0.0063148182816803455,0.01990056037902832,0.08563617616891861,0.43171536922454834,0.020248467102646828,0.3922666311264038,0.04947562888264656,0.21146011352539062,0.10045462101697922,0.00293985684402287,0.03325016796588898
57,0.1969069391489029,0.22006168961524963,0.06162016838788986,0.028918441385030746,0.004803576972335577,0.04928045719861984,0.04557327926158905,0.2717478573322296,0.051940713077783585,0.3065488636493683,0.08448342233896255,0.3562689423561096,0.18647420406341553,0.004655090160667896,0.1627168506383896
58,0.031885165721178055,0.08311746269464493,0.012853655032813549,0.03683067485690117,0.012266934849321842,0.08049322664737701,0.01890682242810726,0.07427692413330078,0.019512465223670006,0.11476077884435654,0.04108240455389023,0.2255842536687851,0.04316147789359093,0.002587410155683756,0.1022157371044159
59,0.18283359706401825,0.4200928509235382,0.11223781108856201,0.16808748245239258,0.1443515568971634,0.049705613404512405,0.12130776792764664,0.20442035794258118,0.2602323591709137,0.22172383964061737,0.14998683333396912,0.38244855403900146,0.37284979224205017,0.03596018627285957,0.037172675132751465
60,0.5868637561798096,0.21394482254981995,0.14168545603752136,0.09023679047822952,0.015781395137310028,0.10881181061267853,0.025264538824558258,0.3305988907814026,0.02429303526878357,0.29010751843452454,0.10589020699262619,0.6513552069664001,0.16996431350708008,0.015188924968242645,0.22567559778690338
61,0.4888184666633606,0.12427603453397751,0.2511841952800751,0.11048002541065216,0.024712946265935898,0.09494604170322418,0.09222743660211563,0.26250505447387695,0.1686410903930664,0.40695154666900635,0.11051243543624878,0.1676073670387268,0.10577976703643799,0.01426295842975378,0.06094371899962425
62,0.5014166831970215,0.19366547465324402,0.37228521704673767,0.08985300362110138,0.03240438178181648,0.10993386059999466,0.10011260211467743,0.36846253275871277,0.11992251127958298,0.29981082677841187,0.12925411760807037,0.26582324504852295,0.26583677530288696,0.025434602051973343,0.08252900093793869
63,0.4146344065666199,0.24841314554214478,0.17390476167201996,0.07379452139139175,0.03819349780678749,0.09268101304769516,0.09663627296686172,0.5576120615005493,0.17875772714614868,0.23840300738811493,0.11390776932239532,0.42108604311943054,0.26909834146499634,0.015823042020201683,0.13037441670894623
64,0.06394876539707184,0.30591869354248047,0.07972402125597,0.08389536291360855,0.013143966905772686,0.03125294670462608,0.009685697965323925,0.1948293298482895,0.04066595435142517,0.118684783577919,0.05682362616062164,0.17121759057044983,0.09574055671691895,0.007732896134257317,0.24111150205135345
65,0.6003721356391907,0.3724477291107178,0.38897988200187683,0.25622621178627014,0.07876469194889069,0.3099105954170227,0.22201913595199585,0.5225968360900879,0.21807464957237244,0.4028022289276123,0.2354608029127121,0.6658633351325989,0.5075103044509888,0.06210140511393547,0.19926849007606506
66,0.5505148768424988,0.5134095549583435,0.3306819796562195,0.2679564356803894,0.07373953610658646,0.1815793216228485,0.15973061323165894,0.3908965289592743,0.21051807701587677,0.42891594767570496,0.2890468239784241,0.6141781210899353,0.5188365578651428,0.03604067116975784,0.3234016001224518
67,0.019386084750294685,0.2653141915798187,0.01491775643080473,0.05276351794600487,0.010719072073698044,0.04442836716771126,0.03486747667193413,0.2203371524810791,0.023572036996483803,0.22810760140419006,0.05721696466207504,0.24365943670272827,0.1138288825750351,0.004898950923234224,0.1291755884885788
68,0.2585428059101105,0.1934131234884262,0.07509361207485199,0.06142808496952057,0.014626337215304375,0.07101816684007645,0.05562080442905426,0.17988120019435883,0.038997408002614975,0.14116407930850983,0.09832070767879486,0.14991465210914612,0.1467805951833725,0.00669085094705224,0.07878749072551727
69,0.03184616565704346,0.06902113556861877,0.003919996786862612,0.08486060053110123,0.005305431317538023,0.03317170962691307,0.002922167768701911,0.014254512265324593,0.0010551356244832277,0.009620086289942265,0.026805439963936806,0.04684857279062271,0.01607140153646469,0.0019754734821617603,0.03289481997489929
70,0.8658095598220825,0.18297433853149414,0.06188073381781578,0.1654321402311325,0.012720987200737,0.07198828458786011,0.013757698237895966,0.1803429275751114,0.09809552133083344,0.29340872168540955,0.03371649980545044,0.2430320531129837,0.11335182189941406,0.0022012467961758375,0.11887640506029129
71,0.655241847038269,0.5495520830154419,0.3074302673339844,0.45494648814201355,0.10006995499134064,0.3078342378139496,0.16041862964630127,0.6292605996131897,0.5604059100151062,0.5418562293052673,0.3973180949687958,0.7048169374465942,0.4435310959815979,0.14629381895065308,0.32363227009773254
72,0.6032003164291382,0.554869532585144,0.07111762464046478,0.1318608969449997,0.006389931309968233,0.11697806417942047,0.11121860146522522,0.42967143654823303,0.2937678098678589,0.24650265276432037,0.05130759999155998,0.27266398072242737,0.25740641355514526,0.006870780140161514,0.08638431131839752
73,0.3811321556568146,0.3577418923377991,0.06668835133314133,0.15363748371601105,0.048813387751579285,0.2338923066854477,0.03747613728046417,0.2472660392522812,0.1921316683292389,0.27281686663627625,0.09925787150859833,0.15818579494953156,0.23926356434822083,0.013833080418407917,0.11692554503679276
74,0.6161843538284302,0.42809370160102844,0.3087596297264099,0.26363736391067505,0.05240911990404129,0.46101927757263184,0.14169415831565857,0.48443880677223206,0.18095934391021729,0.29776859283447266,0.14418527483940125,0.5221328139305115,0.3384181559085846,0.027326863259077072,0.15097200870513916
75,0.4758302867412567,0.25186577439308167,0.09960121661424637,0.13048876821994781,0.03511308878660202,0.12395880371332169,0.13372358679771423,0.38091182708740234,0.02536621131002903,0.146640345454216,0.17099371552467346,0.4878288507461548,0.3086838126182556,0.020871300250291824,0.11825495958328247
76,0.004278706386685371,0.2110518366098404,0.004669020883738995,0.12340985238552094,0.015866979956626892,0.3086315095424652,0.02422860823571682,0.5236159563064575,0.42417439818382263,0.16614177823066711,0.02570471540093422,0.02928629331290722,0.002534917090088129,0.026071514934301376,0.06827948987483978
77,0.55721116065979,0.5993172526359558,0.26996511220932007,0.31334349513053894,0.11039029806852341,0.2460261434316635,0.2754507064819336,0.5290656089782715,0.2603120505809784,0.4344058930873871,0.20658573508262634,0.3707055151462555,0.4468878507614136,0.04804135113954544,0.45893964171409607
78,0.40189120173454285,0.3342728912830353,0.1758691966533661,0.2798377573490143,0.19274619221687317,0.3557582497596741,0.1236794963479042,0.20220740139484406,0.0772562250494957,0.33577948808670044,0.17202013731002808,0.44689875841140747,0.35894379019737244,0.06454242765903473,0.23596470057964325
79,0.4877501428127289,0.49223849177360535,0.4705156981945038,0.4964081943035126,0.12109126150608063,0.32868579030036926,0.12653137743473053,0.332380086183548,0.0846393033862114,0.2991156578063965,0.21884556114673615,0.2748667597770691,0.24551095068454742,0.02457103691995144,0.4298740327358246
80,0.267813503742218,0.20214644074440002,0.09027574211359024,0.07697174698114395,0.023523304611444473,0.06484725326299667,0.01948752999305725,0.4484732151031494,0.10991713404655457,0.11439304798841476,0.11659372597932816,0.46752482652664185,0.308093786239624,0.012555326335132122,0.23164686560630798
81,0.1375822275876999,0.26007843017578125,0.121848925948143,0.1724480539560318,0.13445612788200378,0.15772880613803864,0.07977169007062912,0.354336142539978,0.2258106768131256,0.1971345692873001,0.1289067566394806,0.4289625287055969,0.34366315603256226,0.038896724581718445,0.34367504715919495
82,0.41860121488571167,0.2825090289115906,0.44098496437072754,0.22487516701221466,0.20664742588996887,0.2522575855255127,0.041127074509859085,0.4382554292678833,0.16150982677936554,0.21567077934741974,0.14568749070167542,0.3545089364051819,0.4119926393032074,0.023730169981718063,0.4858967065811157
83,0.7516794800758362,0.6899577975273132,0.15472412109375,0.4229481816291809,0.2004382312297821,0.4766446053981781,0.2598409950733185,0.7197399139404297,0.4988251030445099,0.5183628797531128,0.12975741922855377,0.04160391911864281,0.5050713419914246,0.14043153822422028,0.43718433380126953
84,0.2921869456768036,0.05442248657345772,0.005307208281010389,0.016280684620141983,0.0022817791905254126,0.031071271747350693,0.004623148590326309,0.03425600379705429,0.002080669393762946,0.07196217775344849,0.02268346957862377,0.08843875676393509,0.027149152010679245,0.007059523370116949,0.0704796314239502
85,0.1302410513162613,0.5524442195892334,0.1079643964767456,0.062147725373506546,0.03698783740401268,0.42372795939445496,0.1504306197166443,0.34087109565734863,0.3899678587913513,0.3472292125225067,0.08586667478084564,0.7237564921379089,0.4267692267894745,0.00894645880907774,0.11309275776147842
86,0.6112306118011475,0.31317391991615295,0.1660517454147339,0.13077488541603088,0.1220797523856163,0.7372097969055176,0.2691526710987091,0.1300661712884903,0.08270453661680222,0.22595734894275665,0.08288200199604034,0.7543703317642212,0.9641445279121399,0.03773131221532822,0.10370775312185287
87,0.5992074012756348,0.5137861967086792,0.26425355672836304,0.3283153474330902,0.7450646162033081,0.7623007893562317,0.8378874659538269,0.6161096692085266,0.2353706955909729,0.4056871235370636,0.17460058629512787,0.654811680316925,0.524653971195221,0.033727314323186874,0.07984957844018936
88,0.5008943676948547,0.5099741220474243,0.1694675087928772,0.30593687295913696,0.34674927592277527,0.754352331161499,0.32084378600120544,0.48047930002212524,0.44032952189445496,0.3842400908470154,0.1634053885936737,0.7457560300827026,0.7036253213882446,0.036898382008075714,0.1898990124464035
89,0.4661180377006531,0.34649112820625305,0.21675196290016174,0.07983183115720749,0.0996515080332756,0.07487452030181885,0.33378803730010986,0.7911663055419922,0.3462330102920532,0.4678794741630554,0.20558905601501465,0.5715245008468628,0.4544430375099182,0.05300266295671463,0.12658506631851196
90,0.6342248320579529,0.692143976688385,0.19289179146289825,0.1709408462047577,0.03812804073095322,0.5397531390190125,0.2495870590209961,0.6374074220657349,0.7362704873085022,0.36592310667037964,0.08891572058200836,0.40333274006843567,0.45168811082839966,0.019856775179505348,0.07305750995874405
91,0.6337807774543762,0.7154334187507629,0.1107863187789917,0.047364022582769394,0.012047813273966312,0.2939729690551758,0.5117867588996887,0.6924325227737427,0.8696642518043518,0.36860308051109314,0.020679695531725883,0.09742184728384018,0.24463170766830444,0.008915302343666553,0.05112716183066368
92,0.9340202212333679,0.8331260681152344,0.19060514867305756,0.018876057118177414,0.007918406277894974,0.4085845351219177,0.1560688018798828,0.506859540939331,0.36101222038269043,0.3423333168029785,0.09102519601583481,0.5902968049049377,0.22810420393943787,0.024617796763777733,0.13679943978786469
93,0.4790204167366028,0.395669549703598,0.07182007282972336,0.04081638157367706,0.008647333830595016,0.15126818418502808,0.09783577173948288,0.19749684631824493,0.07621889561414719,0.37653785943984985,0.05360909923911095,0.06636688858270645,0.13368453085422516,0.02035599946975708,0.09270865470170975
94,0.5566985607147217,0.3822690546512604,0.21320372819900513,0.03968490660190582,0.03485950082540512,0.23154529929161072,0.03899935260415077,0.07962799817323685,0.018409309908747673,0.3527577817440033,0.05397867411375046,0.33659234642982483,0.12494739145040512,0.01755906455218792,0.09201841801404953
95,0.5309585928916931,0.8834711313247681,0.06963355094194412,0.05332288518548012,0.017401045188307762,0.5703724026679993,0.028819870203733444,0.4392467439174652,0.8372665643692017,0.12195196002721786,0.06514843553304672,0.7588982582092285,0.28060993552207947,0.035336509346961975,0.11619331687688828
96,0.2030184417963028,0.639204740524292,0.9328859448432922,0.10758794844150543,0.06692608445882797,0.2591613829135895,0.2084709256887436,0.5356683135032654,0.13759295642375946,0.5824941992759705,0.10948305577039719,0.3487549126148224,0.2530485987663269,0.051757171750068665,0.18368645012378693
97,0.46538493037223816,0.41409561038017273,0.07112661749124527,0.10471654683351517,0.030331235378980637,0.16006526350975037,0.07680680602788925,0.14476948976516724,0.03739435225725174,0.2763221859931946,0.10266335308551788,0.41874244809150696,0.14328813552856445,0.03213004767894745,0.15435118973255157
98,0.4260846972465515,0.3401634097099304,0.021035151556134224,0.09815436601638794,0.028202587738633156,0.2477823942899704,0.027611710131168365,0.1019437238574028,0.34722524881362915,0.19424743950366974,0.07000833004713058,0.5318008065223694,0.20004092156887054,0.013978781178593636,0.0741996169090271
99,0.939051628112793,0.8224442601203918,0.20443643629550934,0.36188772320747375,0.10439775139093399,0.5163981318473816,0.08605775237083435,0.2501504719257355,0.07781383395195007,0.40677714347839355,0.048781923949718475,0.5770496726036072,0.7160875797271729,0.021366959437727928,0.10321586579084396
100,0.9138534665107727,0.6594166159629822,0.06302575021982193,0.36040955781936646,0.7089129090309143,0.13624069094657898,0.5711778998374939,0.16110368072986603,0.004316915757954121,0.1659022867679596,0.02562272921204567,0.026655830442905426,0.07490534335374832,0.004339699633419514,0.2955452799797058
101,0.8240159153938293,0.45543766021728516,0.20590777695178986,0.11999670416116714,0.09203344583511353,0.31087809801101685,0.30545446276664734,0.36056673526763916,0.0856788158416748,0.3394968509674072,0.05811676010489464,0.04551786556839943,0.15956051647663116,0.04602564871311188,0.13619640469551086
102,0.9280213713645935,0.3948136270046234,0.15796884894371033,0.13459283113479614,0.03532237187027931,0.37278521060943604,0.5826103687286377,0.397551953792572,0.08984529227018356,0.6377600431442261,0.07799318432807922,0.39995694160461426,0.3385169506072998,0.017656350508332253,0.0419951006770134
103,0.18603010475635529,0.10633128136396408,0.010068144649267197,0.04427286237478256,0.1587662249803543,0.16903157532215118,0.02345491386950016,0.1331843137741089,0.0074271392077207565,0.032435644418001175,0.013960513286292553,0.0793175995349884,0.03180955350399017,0.007283887360244989,0.08255475759506226
104,0.8937889337539673,0.6221610903739929,0.34689122438430786,0.3499210774898529,0.6378169059753418,0.4124835729598999,0.6744440197944641,0.741852879524231,0.08535827696323395,0.4628583788871765,0.05048158019781113,0.7276541590690613,0.5439355969429016,0.045670557767152786,0.254368394613266
105,0.7057783603668213,0.36181560158729553,0.04478353634476662,0.06260960549116135,0.017241941764950752,0.09500465542078018,0.28561779856681824,0.14175105094909668,0.004536228720098734,0.1491052508354187,0.033081185072660446,0.08756132423877716,0.1785873919725418,0.0023165729362517595,0.027311962097883224
106,0.583982527256012,0.3721206784248352,0.2871894836425781,0.2625080645084381,0.5232158899307251,0.3077548146247864,0.22363124787807465,0.551701009273529,0.1723213493824005,0.34401488304138184,0.1013655737042427,0.7456563711166382,0.5032925009727478,0.03787555918097496,0.17230872809886932
