Economic,Capacity,Morality,Fairness,"Legality,",Policy,Crime,Security,Health,Quality,Cultural,Public,Political,External,Other
0.03988541662693024,0.01520113367587328,0.0017913805786520243,0.01724938489496708,0.0010252944193780422,0.009274043142795563,0.00044914352474734187,0.0033041394781321287,0.00013551233860198408,0.001905021839775145,0.007830874994397163,0.005673153325915337,0.004987523891031742,0.000582634937018156,0.04519527032971382
0.11073529720306396,0.003916256595402956,0.0025146659463644028,0.0757441371679306,0.003918041009455919,0.004775444511324167,0.0011269712122157216,0.0096627501770854,0.000912676565349102,0.005260356701910496,0.011505299247801304,0.0018154442077502608,0.003934247884899378,0.0007860205951146781,0.015753168612718582
0.21839852631092072,0.5753869414329529,0.012177295051515102,0.10765877366065979,0.011929112486541271,0.1501341164112091,0.005775929894298315,0.10804823040962219,0.0003334450884722173,0.01275990903377533,0.16944454610347748,0.14986571669578552,0.14798776805400848,0.014810494147241116,0.11421225965023041
0.009886841289699078,0.03159750998020172,0.002236666390672326,0.010768168605864048,0.0007587425643578172,0.029485994949936867,0.0024277223274111748,0.00821585115045309,0.00023421202786266804,0.0005649977247230709,0.004911323543637991,0.0019908135291188955,0.006024038884788752,0.005258680321276188,0.043317366391420364
0.14559926092624664,0.6960952281951904,0.004855539184063673,0.06791988760232925,0.003390059806406498,0.4235197901725769,0.001510394737124443,0.010044817812740803,0.00015316273493226618,0.04959939420223236,0.025270147249102592,0.02606559544801712,0.00880895834416151,0.0025479947216808796,0.03922976925969124
0.04334580525755882,0.09592591971158981,0.0012171634007245302,0.24477367103099823,0.0010356659768149257,0.02255406230688095,0.0006630946882069111,0.003959492780268192,0.0019827401265501976,0.011980822309851646,0.013187702745199203,0.008945298381149769,0.0046779862605035305,0.00044965100823901594,0.00657693250104785
0.00019152455206494778,0.08317191153764725,8.375976176466793e-05,0.0077841877937316895,0.00028045984799973667,0.03882301226258278,0.00012147780216764659,0.0002306688838871196,8.408493886236101e-05,0.000695640395861119,0.0005392679595388472,0.0010640573455020785,0.0002179263101425022,8.532212086720392e-05,0.0030096101108938456
0.3967790901660919,0.414483904838562,0.14959190785884857,0.3403227925300598,0.17151176929473877,0.17142322659492493,0.2350022792816162,0.3487932085990906,0.2281590700149536,0.26376280188560486,0.34083396196365356,0.3379344344139099,0.31230804324150085,0.029149100184440613,0.1876494437456131
0.018629776313900948,0.17074905335903168,0.0010085557587444782,0.008948094211518764,0.0006765476427972317,0.9005101323127747,0.0001994457998080179,0.006460867822170258,0.00011973539949394763,0.006242077331990004,0.013337057083845139,0.002699425211176276,0.00150676176417619,0.0009121656185016036,0.0007386429933831096
0.12719908356666565,0.31336984038352966,0.0018825957085937262,0.06133301556110382,0.00074312265496701,0.11278411000967026,0.00040059458115138113,0.008743749931454659,9.12273972062394e-05,0.009416219778358936,0.013352451846003532,0.002616105368360877,0.00865920353680849,0.0006161061464808881,0.01650049537420273
0.8249471783638,0.572777509689331,0.3453773260116577,0.6321019530296326,0.31664785742759705,0.5002664923667908,0.4872375726699829,0.5510420203208923,0.32592421770095825,0.586445152759552,0.5293552875518799,0.7759223580360413,0.5411273241043091,0.21693408489227295,0.055622346699237823
0.04324911907315254,0.08474947512149811,0.0003956765867769718,0.016424957662820816,0.0012415227247402072,0.006645885296165943,0.00155971001368016,0.005514188203960657,0.00014724918582942337,0.005323988385498524,0.007880249060690403,0.0060346913523972034,0.0025386540219187737,0.0005024375859647989,0.0116383982822299
0.0036689131520688534,0.002615466481074691,0.0006682484527118504,0.002458292990922928,0.00016569271974731237,0.0013476927997544408,0.00012984813656657934,0.0007311650551855564,6.789528561057523e-05,0.001121650217100978,0.0013426704099401832,0.00044488467392511666,0.00031519102049060166,0.00013366740313358605,0.0016761302249506116
0.48945489525794983,0.1112850084900856,0.011147217825055122,0.0687471479177475,0.019820747897028923,0.09838823974132538,0.01392174232751131,0.03581947460770607,0.000879299477674067,0.0980619490146637,0.05747411027550697,0.06223523989319801,0.030709655955433846,0.002125871367752552,0.6741358041763306
0.007395961321890354,0.010252726264297962,0.0009278642246499658,0.010785876773297787,0.001210239715874195,0.009017943404614925,0.0006703389808535576,0.0029935836791992188,0.00040132549474947155,0.005332271568477154,0.007076905574649572,0.0024283381644636393,0.0010002718772739172,0.00022362398158293217,0.0008482473785988986
0.40086302161216736,0.2729180157184601,0.012379400432109833,0.025015847757458687,0.004288588650524616,0.07396352291107178,0.027479281648993492,0.18988999724388123,0.01498162467032671,0.2477339804172516,0.3355923891067505,0.06554381549358368,0.10836225748062134,0.013683016411960125,0.15710784494876862
0.36683329939842224,0.08527901023626328,0.013048471882939339,0.03623020276427269,0.008679363876581192,0.12376466393470764,0.03712085634469986,0.03178419545292854,0.011027651838958263,0.02595868520438671,0.06533169001340866,0.05872340500354767,0.17450034618377686,0.010697531513869762,0.026139387860894203
0.6444267630577087,0.4588521420955658,0.12996900081634521,0.20354442298412323,0.03558269515633583,0.8906573057174683,0.15780431032180786,0.23430292308330536,0.007072333712130785,0.257163941860199,0.17045237123966217,0.12070703506469727,0.433433473110199,0.032550148665905,0.06622108817100525
0.6014540791511536,0.29418402910232544,0.01615140587091446,0.06313622742891312,0.02555214799940586,0.0366019569337368,0.21115729212760925,0.7366284132003784,0.13213743269443512,0.20989012718200684,0.0959017351269722,0.20963642001152039,0.11039692163467407,0.024331066757440567,0.09650634229183197
0.5033698081970215,0.2855544984340668,0.030041733756661415,0.1073368564248085,0.00496506504714489,0.0233821552246809,0.07841307669878006,0.04995591565966606,0.012055748142302036,0.03386332094669342,0.15635350346565247,0.037547919899225235,0.12162747234106064,0.03241073712706566,0.20226402580738068
0.7208007574081421,0.5186411142349243,0.12688970565795898,0.07658854871988297,0.02450249344110489,0.418535977602005,0.16449721157550812,0.398481547832489,0.058903928846120834,0.10681488364934921,0.15253041684627533,0.5224049091339111,0.23558874428272247,0.04170816019177437,0.030279571190476418
0.7715094089508057,0.6274226903915405,0.23464171588420868,0.36494332551956177,0.19745132327079773,0.6359912753105164,0.18420924246311188,0.40686118602752686,0.07326935976743698,0.43275922536849976,0.4000709354877472,0.5188431739807129,0.49436652660369873,0.02170487865805626,0.1461479216814041
0.6295356154441833,0.4038437008857727,0.05463914945721626,0.06652113795280457,0.01190297119319439,0.21025745570659637,0.04973950982093811,0.1269591599702835,0.006075214594602585,0.06384256482124329,0.0764915719628334,0.12111971527338028,0.1762341558933258,0.011660004034638405,0.06276040524244308
0.27479612827301025,0.25073814392089844,0.00535092456266284,0.008577100932598114,0.000891277682967484,0.16815611720085144,0.01751687563955784,0.3090165853500366,0.006868390366435051,0.03535906970500946,0.005310014821588993,0.003369829850271344,0.04364052787423134,0.005118679255247116,0.014874722808599472
0.49776217341423035,0.3933762013912201,0.01402190513908863,0.07760028541088104,0.021287646144628525,0.11494950205087662,0.05105922371149063,0.2656605541706085,0.10260098427534103,0.12662336230278015,0.15967653691768646,0.19725362956523895,0.7540702223777771,0.015931734815239906,0.0678204745054245
0.053303129971027374,0.03929416090250015,0.0015085558407008648,0.011682756245136261,0.0007142964750528336,0.021484442055225372,0.000556854996830225,0.0038305027410387993,0.0001305616897298023,0.05214149132370949,0.0034688874147832394,0.005089715588837862,0.0027537140995264053,0.0005184683250263333,0.009594297967851162
0.5802387595176697,0.7392970323562622,0.18060286343097687,0.10492255538702011,0.010866240598261356,0.30633223056793213,0.025185735896229744,0.13569249212741852,0.0012714635813608766,0.254558265209198,0.13656370341777802,0.10368046909570694,0.10240018367767334,0.035925112664699554,0.09949765354394913
0.24655069410800934,0.13335095345973969,0.016106367111206055,0.0502825528383255,0.0007412644336000085,0.04604896903038025,0.001666863216087222,0.02209990657866001,0.00018530432134866714,0.03970742225646973,0.015549452975392342,0.017019402235746384,0.021975021809339523,0.004554571118205786,0.02382838912308216
0.6806352734565735,0.5327666997909546,0.14103516936302185,0.06535525619983673,0.027816355228424072,0.11676431447267532,0.1219523698091507,0.43296942114830017,0.005588376894593239,0.4860893487930298,0.28263697028160095,0.3515012264251709,0.24044616520404816,0.007737225387245417,0.19700710475444794
0.5863614082336426,0.6067532896995544,0.0599537156522274,0.13260850310325623,0.01845494844019413,0.06853073090314865,0.048123136162757874,0.38120725750923157,0.0013828263618052006,0.5173746943473816,0.09138849377632141,0.13420070707798004,0.30932340025901794,0.01069709938019514,0.23387722671031952
0.8321716785430908,0.6302688717842102,0.16660624742507935,0.14927823841571808,0.028973808512091637,0.09130709618330002,0.25120049715042114,0.2524733543395996,0.0019109603017568588,0.24873319268226624,0.17051246762275696,0.15559881925582886,0.38556236028671265,0.023886535316705704,0.261725515127182
0.685459554195404,0.6327486038208008,0.26670363545417786,0.320274293422699,0.07364866137504578,0.6397554874420166,0.16965357959270477,0.5493099093437195,0.004654088988900185,0.40072008967399597,0.5490798950195312,0.44206979870796204,0.270318865776062,0.06364167481660843,0.2661999762058258
0.5028939843177795,0.3659292459487915,0.05851612612605095,0.024265630170702934,0.0048801489174366,0.07825630158185959,0.034289322793483734,0.20580682158470154,9.388602484250441e-05,0.1701701432466507,0.033759504556655884,0.12950077652931213,0.06390216201543808,0.001062724506482482,0.040757399052381516
0.2357885092496872,0.22807765007019043,0.020978456363081932,0.02321774885058403,0.0024057202972471714,0.6093905568122864,0.003251387272030115,0.028901200741529465,0.00013596435019280761,0.019148381426930428,0.019667912274599075,0.040123071521520615,0.02855960838496685,0.003450885182246566,0.06368891149759293
0.7662619352340698,0.8446617722511292,0.11214783042669296,0.12749503552913666,0.025782369077205658,0.569006085395813,0.047525253146886826,0.14591775834560394,0.0031827318016439676,0.2618478536605835,0.19420333206653595,0.18193386495113373,0.14554259181022644,0.010622384957969189,0.06357257068157196
0.5412911772727966,0.7543443441390991,0.06836993247270584,0.05915828421711922,0.005650906357914209,0.2671400010585785,0.018462244421243668,0.11632038652896881,0.001256166840903461,0.08666078001260757,0.09578914195299149,0.037274155765771866,0.07408249378204346,0.005024133715778589,0.11627254635095596
0.8732501268386841,0.7563581466674805,0.5053103566169739,0.4439578950405121,0.12757091224193573,0.7879555225372314,0.1699889749288559,0.39982688426971436,0.005284604150801897,0.47451552748680115,0.49042627215385437,0.5455361008644104,0.370775431394577,0.04256745055317879,0.2958407700061798
0.6027314066886902,0.4515014588832855,0.06485214829444885,0.115742027759552,0.02009028010070324,0.05758566036820412,0.14354771375656128,0.3856213688850403,0.02223813720047474,0.347324401140213,0.10270144045352936,0.5852357149124146,0.4741795063018799,0.020056480541825294,0.08038376271724701
0.08074509352445602,0.10180141031742096,0.006274593528360128,0.010424128733575344,0.0006254810141399503,0.18646030128002167,0.0015765317948535085,0.00443247938528657,6.11733048572205e-05,0.007610256318002939,0.023481270298361778,0.008609872311353683,0.019030878320336342,0.0040777819231152534,0.4272281527519226
0.46499085426330566,0.6345246434211731,0.11979663372039795,0.19735492765903473,0.019689267501235008,0.8213614225387573,0.02173812873661518,0.16336417198181152,0.0016197620425373316,0.15403543412685394,0.1979532241821289,0.17123261094093323,0.11762219667434692,0.0070000700652599335,0.11420012265443802
0.4297524690628052,0.3370742201805115,0.03292638808488846,0.40635180473327637,0.046663638204336166,0.7186539173126221,0.26228341460227966,0.362333744764328,0.3938905894756317,0.2701040208339691,0.05852819234132767,0.0663967877626419,0.11411809176206589,0.052302442491054535,0.022579314187169075
0.08160577714443207,0.13347037136554718,0.004013082478195429,0.016020966693758965,0.0018898694543167949,0.09167212247848511,0.0016470012487843633,0.01097095012664795,0.00010891518468270078,0.010645978152751923,0.007121240254491568,0.016435198485851288,0.024553881958127022,0.0021662067156285048,0.11854972690343857
0.2437940537929535,0.2772943079471588,0.08007628470659256,0.19788171350955963,0.0426042303442955,0.6111441254615784,0.1825621873140335,0.48573195934295654,0.0337221659719944,0.43592530488967896,0.31810787320137024,0.30226120352745056,0.30154508352279663,0.0393686443567276,0.04433346539735794
0.06723646074533463,0.14941708743572235,0.01753755286335945,0.026376303285360336,0.0007446572417393327,0.017906762659549713,0.0006562687340192497,0.0821634903550148,9.842067811405286e-05,0.048244018107652664,0.009709831327199936,0.007923840545117855,0.003611114574596286,0.0012540536699816585,0.03144614025950432
0.13035300374031067,0.05737302824854851,0.008180228993296623,0.006035876460373402,0.001315767178311944,0.16801494359970093,0.006793252658098936,0.08013009279966354,0.0002963450679089874,0.026065461337566376,0.010214176960289478,0.012200465425848961,0.014820946380496025,0.003170469542965293,0.018665624782443047
0.286679208278656,0.6019867062568665,0.00845116563141346,0.05288637429475784,0.0017106739105656743,0.8498861193656921,0.003242750186473131,0.14829784631729126,0.00016607735597062856,0.06286372989416122,0.08198252320289612,0.07270365208387375,0.016490450128912926,0.0018476806581020355,0.11916495114564896
0.4549601972103119,0.721767246723175,0.021719517186284065,0.13979294896125793,0.02263224869966507,0.625614583492279,0.028238937258720398,0.3786516487598419,0.0010952535085380077,0.28242939710617065,0.11068643629550934,0.12208713591098785,0.0572369359433651,0.005412482190877199,0.1628883183002472
0.10874077677726746,0.1796189695596695,0.004647701978683472,0.007379831746220589,0.0005912770866416395,0.3558884859085083,0.00030897941906005144,0.00280675757676363,8.827033889247105e-05,0.011110197752714157,0.02064809948205948,0.014364988543093204,0.0004384686762932688,0.0004984792321920395,0.07996684312820435
0.31643277406692505,0.4012558162212372,0.017214344814419746,0.03231418505311012,0.003919661045074463,0.3308272361755371,0.002958724508062005,0.04483240097761154,0.0004936933401040733,0.05222610756754875,0.027064289897680283,0.02887737937271595,0.011916602961719036,0.002312724245712161,0.06214241310954094
0.33889368176460266,0.3288190960884094,0.013815215788781643,0.06427071243524551,0.005114191211760044,0.6697400212287903,0.007291834335774183,0.12776242196559906,0.0004658828256651759,0.052654583007097244,0.16090987622737885,0.16328586637973785,0.04350050166249275,0.001453615608625114,0.137926384806633
0.521776020526886,0.7780885696411133,0.1124219223856926,0.11927386373281479,0.041154008358716965,0.20952379703521729,0.03908570483326912,0.6815465688705444,0.013037250377237797,0.18496696650981903,0.16913379728794098,0.40766796469688416,0.0575997531414032,0.009652896784245968,0.06032651662826538
0.05816688761115074,0.31862136721611023,0.009939012117683887,0.030650481581687927,0.0004971140879206359,0.05347181856632233,0.0013471993152052164,0.07552030682563782,7.62615236453712e-05,0.011879712343215942,0.02661508321762085,0.009941518306732178,0.0042262449860572815,0.0009029885404743254,0.027333363890647888
0.2550967335700989,0.27426591515541077,0.014735816977918148,0.05969184264540672,0.0028553875163197517,0.052547771483659744,0.0036922276485711336,0.1244954764842987,0.0005783996894024312,0.09443988651037216,0.0322808213531971,0.02363249659538269,0.013020863756537437,0.000763416406698525,0.01359657570719719
0.4133285880088806,0.406615287065506,0.1947629451751709,0.30295810103416443,0.07718036323785782,0.41460302472114563,0.09656648337841034,0.30125054717063904,0.00299656530842185,0.20994891226291656,0.4626013934612274,0.2645503282546997,0.12349497526884079,0.011399434879422188,0.10073123127222061
0.7510551810264587,0.31282344460487366,0.007048784755170345,0.011080491356551647,0.0005869658780284226,0.026665091514587402,0.0005152181256562471,0.011840393766760826,0.00019465843797661364,0.015144875273108482,0.0203226488083601,0.005115794949233532,0.00748381856828928,0.000663149927277118,0.022869599983096123
0.06692999601364136,0.525802731513977,0.001439206418581307,0.0018627701792865992,0.0007398537127301097,0.07935915142297745,0.0002888258604798466,0.02212718315422535,5.2412338845897466e-05,0.008989927358925343,0.006509427912533283,0.0005280198529362679,0.0015885558677837253,0.0008624418987892568,0.012377243489027023
0.5522034168243408,0.8022355437278748,0.038694217801094055,0.3902043402194977,0.02589157596230507,0.3066016733646393,0.01767699606716633,0.2954487204551697,0.002953298855572939,0.17484784126281738,0.2668246030807495,0.0802011713385582,0.037038158625364304,0.005396196618676186,0.1070280522108078
0.641974925994873,0.6040101647377014,0.0141417495906353,0.029264427721500397,0.0027722432278096676,0.3760940730571747,0.006328772287815809,0.015495223924517632,0.00026420375797897577,0.017936281859874725,0.01352962851524353,0.009406711906194687,0.010759970173239708,0.007511837407946587,0.02173209935426712
0.9799942374229431,0.884099543094635,0.1913732886314392,0.3451363742351532,0.03865794092416763,0.40742388367652893,0.344310998916626,0.6862506866455078,0.00045383276301436126,0.47766342759132385,0.20203350484371185,0.33745428919792175,0.27506327629089355,0.012407341971993446,0.12523512542247772
0.45407387614250183,0.6463283896446228,0.037664882838726044,0.20554611086845398,0.015097077935934067,0.018774118274450302,0.0021946439519524574,0.12837909162044525,0.0014741219347342849,0.13972331583499908,0.04952959343791008,0.04010974243283272,0.020885465666651726,0.010798051953315735,0.11997698247432709
0.8117251396179199,0.27939075231552124,0.09844329208135605,0.13474728167057037,0.006528601050376892,0.06093456968665123,0.06254272907972336,0.23850923776626587,0.018652334809303284,0.08104526251554489,0.0526108480989933,0.07322221249341965,0.15660777688026428,0.025588251650333405,0.0878252312541008
0.6830236315727234,0.5539983510971069,0.09483758360147476,0.13511590659618378,0.003175840713083744,0.11599519848823547,0.003132087644189596,0.1945379376411438,0.0005468199960887432,0.12165307998657227,0.055854737758636475,0.027433624491095543,0.030847862362861633,0.0027725868858397007,0.08383474498987198
0.2263212651014328,0.15891636908054352,0.0063033816404640675,0.01525631733238697,0.0007023295620456338,0.02682727389037609,0.0027440229896456003,0.035849325358867645,0.0001763407635735348,0.024141928181052208,0.02945874072611332,0.006758291274309158,0.02090008743107319,0.0006470300140790641,0.04589586704969406
0.9303183555603027,0.18271325528621674,0.0041517275385558605,0.004889226518571377,0.0013521017972379923,0.27291932702064514,0.0019262881251052022,0.007876500487327576,0.00013796209532301873,0.004717919044196606,0.00810634158551693,0.00914902426302433,0.006940831430256367,0.0019163497490808368,0.019632983952760696
0.47906985878944397,0.592156171798706,0.006517359055578709,0.04100885987281799,0.003569906111806631,0.8258025646209717,0.0030614689458161592,0.015876295045018196,0.008911548182368279,0.010098936036229134,0.023196088150143623,0.04359991475939751,0.015247083269059658,0.008861522190272808,0.03426692634820938
0.9696246981620789,0.37283435463905334,0.010835735127329826,0.01691991463303566,0.0034451510291546583,0.5819801092147827,0.006286043673753738,0.031998537480831146,0.0005902608972974122,0.038825809955596924,0.0354841947555542,0.05666352063417435,0.03032825142145157,0.011604082770645618,0.06471841037273407
0.08552631735801697,0.054038431495428085,0.0016199229285120964,0.00344882532954216,0.0009241516818292439,0.18539787828922272,0.002566189505159855,0.009393303655087948,0.00039253479917533696,0.004030849318951368,0.022199852392077446,0.018897876143455505,0.009317796677350998,0.0022617876529693604,0.014807380735874176
0.26246604323387146,0.42844146490097046,0.003783151973038912,0.08961132913827896,0.00359747395850718,0.17917898297309875,0.006570299621671438,0.00919758528470993,0.0035733748227357864,0.009314720518887043,0.03318915143609047,0.3693387508392334,0.029232598841190338,0.0011950744083151221,0.03111013025045395
0.6818298697471619,0.13825158774852753,0.015597100369632244,0.09912426024675369,0.015025093220174313,0.8688915967941284,0.027154384180903435,0.11075589805841446,0.0012530693784356117,0.1308845430612564,0.06674965471029282,0.07488155364990234,0.036928195506334305,0.014586892910301685,0.04386283457279205
0.20778444409370422,0.2006940096616745,0.06874842941761017,0.19060532748699188,0.2562987804412842,0.13530468940734863,0.019222376868128777,0.18810561299324036,0.02293539233505726,0.12539580464363098,0.23809334635734558,0.11025933176279068,0.043901894241571426,0.020494259893894196,0.03627360984683037
0.05164667218923569,0.01586580090224743,0.0009376740781590343,0.024823613464832306,0.003922403324395418,0.030483832582831383,0.03156092017889023,0.2183752804994583,0.0003971744154114276,0.011950179003179073,0.0019617732614278793,0.0027611099649220705,0.008117025718092918,0.0015729853184893727,0.0007219998515211046
0.8276939988136292,0.2996639609336853,0.00018652422295417637,0.057661931961774826,0.0005773435696028173,0.024747610092163086,0.002907385351136327,0.01850328966975212,0.0501861572265625,0.019133368507027626,0.002660404657945037,0.0012183771468698978,0.004102712497115135,0.00045525431050918996,0.001457410748116672
0.7201938629150391,0.41626858711242676,0.03252739459276199,0.06922076642513275,0.01235169731080532,0.3542916476726532,0.03215287625789642,0.1596207618713379,0.0012269109720364213,0.0668865293264389,0.049125343561172485,0.07809069007635117,0.09992611408233643,0.006917320657521486,0.03352777659893036
0.4148711562156677,0.8075094223022461,0.010343647561967373,0.3496420085430145,0.44580739736557007,0.20936280488967896,0.11778043955564499,0.20772218704223633,0.10528618097305298,0.1750487983226776,0.10972627997398376,0.3522198796272278,0.07120034843683243,0.008330566808581352,0.06637439876794815
0.1275044083595276,0.013857390731573105,0.001543101854622364,0.001956428401172161,0.00767095061019063,0.027210373431444168,0.04727567359805107,0.07296188920736313,0.0042596179991960526,0.005646700970828533,0.013283701613545418,0.008997408673167229,0.019488733261823654,0.0013222795678302646,0.012535527348518372
0.6083379983901978,0.6237027049064636,0.060595232993364334,0.04959847405552864,0.025935227051377296,0.3463079035282135,0.08493942022323608,0.23699861764907837,0.002562949201092124,0.22778058052062988,0.09760329127311707,0.2973507046699524,0.30015578866004944,0.016843464225530624,0.04832596704363823
0.02923787757754326,0.023800460621714592,0.00022744815214537084,0.008674794808030128,0.0005891369073651731,0.019739782437682152,0.00018079631263390183,0.001078687608242035,0.0001393278071191162,0.002461424795910716,0.00836135447025299,0.0022177831269800663,0.0004897258477285504,0.00012025713658658788,0.010555652901530266
0.6098390221595764,0.5739565491676331,0.023603707551956177,0.04452342167496681,0.006047266069799662,0.03406304866075516,0.002819386776536703,0.09061277657747269,0.0001956242194864899,0.41143274307250977,0.033668193966150284,0.01862405240535736,0.01295717153698206,0.0016908560646697879,0.04602612927556038
0.7493934631347656,0.6985912322998047,0.11756730079650879,0.30876195430755615,0.004587023984640837,0.5048630237579346,0.012517385184764862,0.5254908204078674,0.0009686047560535371,0.36190181970596313,0.26950138807296753,0.11662401258945465,0.041397612541913986,0.007570694200694561,0.05331846699118614
0.12929387390613556,0.349712997674942,0.0017265896312892437,0.08265270292758942,0.0004740720905829221,0.01635962538421154,0.000650784233585,0.005116400774568319,0.00022511588758789003,0.03355759009718895,0.006315778009593487,0.010506614111363888,0.0027452418580651283,0.00032902631210163236,0.033209726214408875
0.6451452374458313,0.7265929579734802,0.004608296789228916,0.025804428383708,0.001742865308187902,0.07103361934423447,0.0008742130594328046,0.011197134852409363,0.00016525904356967658,0.040232617408037186,0.008609582670032978,0.007132498547434807,0.0053038024343550205,0.001948611461557448,0.03602011501789093
0.48430630564689636,0.5285798907279968,0.016877755522727966,0.12392055243253708,0.0025824212934821844,0.050902385264635086,0.006295802071690559,0.4112541675567627,0.003015624824911356,0.11610721796751022,0.01989004760980606,0.012258943170309067,0.008280215784907341,0.0002996315306518227,0.09350145608186722
0.7562962770462036,0.7734952569007874,0.029796596616506577,0.04027685523033142,0.002840668661519885,0.47685185074806213,0.004331943579018116,0.049334846436977386,0.00010102659143740311,0.061107415705919266,0.021266182884573936,0.07708602398633957,0.025017086416482925,0.006618319544941187,0.10594609379768372
0.8235411643981934,0.7995167374610901,0.08610869944095612,0.2601320147514343,0.008122758939862251,0.0711197778582573,0.013294458389282227,0.22688788175582886,0.0004873508878517896,0.15184198319911957,0.11548039317131042,0.09125931560993195,0.060791824012994766,0.016155168414115906,0.16259409487247467
0.3982936441898346,0.20111900568008423,0.0064644040539860725,0.09093896299600601,0.001715981517918408,0.04382702335715294,0.001074383151717484,0.11025528609752655,0.0006111094262450933,0.12525653839111328,0.03274993970990181,0.02328178659081459,0.011505261063575745,0.0005608364590443671,0.10453024506568909
0.008477370254695415,0.02972908690571785,0.00035698313149623573,0.004344239830970764,0.0004151554894633591,0.18624404072761536,0.0006468954379670322,0.0012659267522394657,4.112710303161293e-05,0.003378628520295024,0.0012813464272767305,0.0005238804733380675,0.0014520115219056606,0.000556133862119168,0.07232023775577545
0.008076338097453117,0.011445960029959679,0.00010490798740647733,0.0012917707208544016,0.00044671876821666956,0.00320426095277071,0.0003122800844721496,0.00037645563133992255,9.556180884828791e-05,0.001897596288472414,0.0017339421901851892,0.0014823978999629617,0.0010885908268392086,0.00046868613571859896,0.002782617462798953
0.47221893072128296,0.6540431976318359,0.02064807340502739,0.12609665095806122,0.016604604199528694,0.8489990234375,0.009631468914449215,0.07468999922275543,0.0007183515699580312,0.23322196304798126,0.053552549332380295,0.19549164175987244,0.11838174611330032,0.0059088305570185184,0.0854835957288742
0.740630030632019,0.6821350455284119,0.11239051073789597,0.1313624233007431,0.0444076731801033,0.8735918998718262,0.030512209981679916,0.10177218914031982,0.0012085714843124151,0.32548418641090393,0.1573764681816101,0.30960410833358765,0.08368761092424393,0.013462536968290806,0.09312605112791061
0.5924175381660461,0.5895882844924927,0.033950746059417725,0.08734516054391861,0.0023804304655641317,0.7852284908294678,0.002921095583587885,0.024228382855653763,0.00027676497120410204,0.06551948189735413,0.05998629331588745,0.022548256441950798,0.047577738761901855,0.004203516058623791,0.06857389211654663
0.709275484085083,0.8275966644287109,0.06517486274242401,0.18431685864925385,0.04620477929711342,0.7504746317863464,0.016380049288272858,0.12814097106456757,0.0015433264197781682,0.2549627423286438,0.13984130322933197,0.10645203292369843,0.1113671362400055,0.00781499594449997,0.15133976936340332
0.16450431942939758,0.18016672134399414,0.004872727207839489,0.0450003407895565,0.0031579621136188507,0.06131868436932564,0.006776181515306234,0.015328209847211838,0.00011519605322973803,0.039346225559711456,0.010583133436739445,0.06615472584962845,0.02147800102829933,0.0029930982273072004,0.0490388497710228
0.12877875566482544,0.030470717698335648,0.005687321070581675,0.0015742219984531403,0.0004139083030167967,0.0114138163626194,0.004411501809954643,0.012970957905054092,0.00032043439568951726,0.01498203445225954,0.0066711632534861565,0.005522890016436577,0.006827442906796932,0.0004629978502634913,0.009981989860534668
0.7866408228874207,0.6201214790344238,0.29862895607948303,0.19661147892475128,0.12608277797698975,0.22021500766277313,0.2816235423088074,0.5544760823249817,0.009349153377115726,0.39712274074554443,0.26787954568862915,0.3200531601905823,0.6146414279937744,0.024728091433644295,0.23123860359191895
0.0025508031249046326,0.06778262555599213,6.916872371220961e-05,0.0012418987462297082,0.00027839423273690045,0.008815518580377102,0.00015524838818237185,0.00023323026834987104,8.204275218304247e-05,0.002609069924801588,0.0010143087711185217,0.0008531615603715181,0.0002872225595638156,0.00021004020527470857,0.006590697914361954
0.45380520820617676,0.16217245161533356,0.005915088579058647,0.03158850967884064,0.0026133707724511623,0.33300989866256714,0.0034971600398421288,0.007545518688857555,0.0015365430153906345,0.04329867288470268,0.0391584150493145,0.003613976528868079,0.004518789239227772,0.014731080271303654,0.003755646524950862
0.6613349318504333,0.8197530508041382,0.059866175055503845,0.146774023771286,0.012875914573669434,0.9138980507850647,0.030068298801779747,0.4637024700641632,0.004331068601459265,0.18965622782707214,0.2601383626461029,0.12519943714141846,0.034514933824539185,0.01393426675349474,0.06815482676029205
0.3599846065044403,0.46349337697029114,0.01099166925996542,0.10744334757328033,0.0030490662902593613,0.6021478176116943,0.0026863724924623966,0.18458415567874908,0.0004680138372350484,0.08771383762359619,0.3470669984817505,0.0597262904047966,0.011652423068881035,0.0013704643351957202,0.09741669148206711
0.13001392781734467,0.41620326042175293,0.05634865537285805,0.6912890672683716,0.3013319671154022,0.5713471174240112,0.4903404712677002,0.7774659395217896,0.7075788974761963,0.6845885515213013,0.05488928407430649,0.09911517798900604,0.21674787998199463,0.01818045601248741,0.5744504928588867
0.27960243821144104,0.8590341210365295,0.018089817836880684,0.07346534729003906,0.006662232335656881,0.9226195812225342,0.003503406886011362,0.14862409234046936,0.0003016366681549698,0.09853334724903107,0.03596118837594986,0.030372904613614082,0.09781458973884583,0.002734186826273799,0.11530045419931412
0.2622555196285248,0.5663390159606934,0.005766436457633972,0.051823414862155914,0.003082442795857787,0.6154438257217407,0.0004062421794515103,0.010374655947089195,0.00016601513198111206,0.04465912654995918,0.03408884257078171,0.03158250078558922,0.005064048804342747,0.0004856671148445457,0.06717021018266678
0.12580019235610962,0.8223933577537537,0.008860938251018524,0.1046094298362732,0.0050506810657680035,0.02948806993663311,0.005582558922469616,0.8385817408561707,0.0030928554479032755,0.13964463770389557,0.01886521652340889,0.024775972589850426,0.015782827511429787,0.0023680117446929216,0.16207921504974365
0.11648893356323242,0.13875392079353333,0.0017535079969093204,0.04176905006170273,0.0002577255363576114,0.0029335133731365204,9.409373888047412e-05,0.0006582003552466631,0.00011859472579089925,0.025304364040493965,0.005748116876929998,0.015721231698989868,0.0013264789013192058,0.0005647451034747064,0.011440827511250973
0.45087671279907227,0.6352250576019287,0.018829351291060448,0.32158318161964417,0.0015708464197814465,0.042081061750650406,0.006585274823009968,0.11734753847122192,0.000278506544418633,0.12486917525529861,0.08419214934110641,0.2845153510570526,0.016152292490005493,0.00219326582737267,0.05797091871500015
0.9275760650634766,0.8288064002990723,0.14685338735580444,0.9222084283828735,0.008709074929356575,0.22472333908081055,0.024191757664084435,0.1324162632226944,0.002437254413962364,0.46418988704681396,0.12687748670578003,0.20189273357391357,0.14211764931678772,0.004431493114680052,0.06242866814136505
0.9781293869018555,0.5792245864868164,0.014271292835474014,0.27054721117019653,0.005828440189361572,0.33345091342926025,0.004686109721660614,0.13646021485328674,0.0004339766164775938,0.2508566081523895,0.0675213634967804,0.14731180667877197,0.051805280148983,0.005444934591650963,0.08948245644569397
0.51141756772995,0.649287760257721,0.015893105417490005,0.13748091459274292,0.0037315611261874437,0.6329798698425293,0.001044535543769598,0.04354812204837799,0.0005290299304760993,0.15297818183898926,0.027604198083281517,0.063393235206604,0.007643560413271189,0.0025668363086879253,0.03266855329275131
0.03286271169781685,0.41429832577705383,0.007827399298548698,0.9458648562431335,0.0017469528829678893,0.6526493430137634,0.0003686653799377382,0.007400043774396181,0.00033983378671109676,0.0034227881114929914,0.02172859013080597,0.01215142197906971,0.0009108239319175482,0.000580265186727047,0.019812138751149178
0.2521888017654419,0.045698970556259155,0.6119902729988098,0.9242735505104065,0.032933786511421204,0.8116799592971802,0.013216297142207623,0.04348926991224289,0.3964930474758148,0.04799812659621239,0.13501261174678802,0.04702181741595268,0.0195365771651268,0.008752657100558281,0.006507897283881903
0.3676433861255646,0.8588275909423828,0.014031325466930866,0.03411949798464775,0.004131936002522707,0.8477639555931091,0.0031348029151558876,0.4527457356452942,0.0003474577679298818,0.08546456694602966,0.06720476597547531,0.07795565575361252,0.0449114590883255,0.003914214204996824,0.10596437752246857
0.2268896996974945,0.3109162151813507,0.0004698616685345769,0.03995906561613083,0.0020080541726201773,0.035091035068035126,0.0005112715298309922,0.0015996965812519193,0.00012065540067851543,0.09750532358884811,0.005489995237439871,0.004132432397454977,0.0023711344692856073,0.00048254503053613007,0.022901000455021858
0.3983721137046814,0.3250785768032074,0.0051415362395346165,0.017362315207719803,0.00041912178858183324,0.017717672511935234,0.0008066528243944049,0.026960603892803192,0.00023556903761345893,0.013196676038205624,0.04002920538187027,0.011273548007011414,0.006340345833450556,0.0006315892678685486,0.05785427615046501
0.6539218425750732,0.4903358519077301,0.03918756917119026,0.08205088973045349,0.011250294744968414,0.4392853379249573,0.037556760013103485,0.1061868816614151,0.0023620130959898233,0.12488816678524017,0.08034537732601166,0.056751493364572525,0.04265217483043671,0.019476870074868202,0.12135665863752365
0.73969566822052,0.6726930141448975,0.09610041975975037,0.14773593842983246,0.023824673146009445,0.2560565769672394,0.007882007397711277,0.08895538002252579,0.002088558627292514,0.22281716763973236,0.11869742721319199,0.07913924753665924,0.04379251226782799,0.021072404459118843,0.1210484653711319
0.2791054844856262,0.020754987373948097,0.005195062607526779,0.053429801017045975,0.0015761741669848561,0.0018708471907302737,0.0013263029977679253,0.008932060562074184,0.0008746940875425935,0.013981782831251621,0.015179947018623352,0.0015248782001435757,0.008732953108847141,0.0019469732651486993,0.03237619996070862
0.5841733813285828,0.0891636461019516,0.017980484291911125,0.11480587720870972,0.1484469324350357,0.060295794159173965,0.11656882613897324,0.1527378112077713,0.04071628674864769,0.5176878571510315,0.13226567208766937,0.12114563584327698,0.10560105741024017,0.014034372754395008,0.03574857488274574
0.13310104608535767,0.1474291980266571,0.0006396604003384709,0.0017058299854397774,0.0008701173937879503,0.009857949800789356,0.00040254861232824624,0.005104806274175644,0.00013690422929357737,0.0015998638700693846,0.0011146742617711425,0.009264906868338585,0.0015546726062893867,0.00045947483158670366,0.009841963648796082
0.024190060794353485,0.006521797738969326,5.942946518189274e-05,0.00010185329301748425,0.00016167778812814504,0.0010754227405413985,0.00013036512245889753,0.0015658828197047114,9.709545702207834e-05,0.00019120446813758463,0.0005476385122165084,0.0019648722372949123,0.0005625376361422241,6.911627133376896e-05,0.00706410501152277
0.023602603003382683,0.00932274479418993,0.0034823280293494463,0.0013961459044367075,0.0004541984526440501,0.0022236506920307875,0.0035686667542904615,0.007710306439548731,0.0031525450758635998,0.013540791347622871,0.020451724529266357,0.011374824680387974,0.03354571387171745,0.0003526414220687002,0.4674285352230072
0.374978631734848,0.5833816528320312,0.0382390059530735,0.029344597831368446,0.006709890440106392,0.23307481408119202,0.004683145321905613,0.15641739964485168,0.0020657875575125217,0.06078903749585152,0.07549045979976654,0.2145005166530609,0.07510709762573242,0.00695757195353508,0.06514175236225128
0.12410677969455719,0.03598674386739731,0.00856110267341137,0.024561868980526924,0.002965653082355857,0.0036323771346360445,0.004062389489263296,0.1323275864124298,0.0004971256712451577,0.03346489369869232,0.017751408740878105,0.026648376137018204,0.02963213436305523,0.0031605856493115425,0.0410456620156765
0.14580747485160828,0.013288959860801697,0.01354894321411848,0.011111828498542309,0.0022728131152689457,0.002579906489700079,0.007428593467921019,0.04588575288653374,0.0006642072694376111,0.02058664709329605,0.012209716252982616,0.00798340979963541,0.03350507840514183,0.0010348433861508965,0.012993262149393559
0.5064203143119812,0.8214403390884399,0.02094729244709015,0.02497531659901142,0.00763288140296936,0.028911737725138664,0.0062818704172968864,0.14719867706298828,0.00036621943581849337,0.16198621690273285,0.030721455812454224,0.016744643449783325,0.03556835278868675,0.011156798340380192,0.08353227376937866
0.24409186840057373,0.11482943594455719,0.003929118160158396,0.03307414427399635,0.005601051729172468,0.20348885655403137,0.013563180342316628,0.023922288790345192,0.000617621757555753,0.014392850920557976,0.059167489409446716,0.11188095062971115,0.02212274819612503,0.004960285034030676,0.010852433741092682
0.7719289064407349,0.5476560592651367,0.038886528462171555,0.032320454716682434,0.01039199624210596,0.5000986456871033,0.13362807035446167,0.21545608341693878,0.0010201830882579088,0.20443835854530334,0.07962290197610855,0.15704239904880524,0.344149112701416,0.021002234891057014,0.03040197491645813
0.7645352482795715,0.3588007986545563,0.001467413268983364,0.15907534956932068,0.0005288395914249122,0.008139928802847862,0.0037722408305853605,0.013600986450910568,0.45186641812324524,0.022143583744764328,0.037380583584308624,0.0018104278715327382,0.0019453521817922592,0.0011705204378813505,0.008011206984519958
0.8636915683746338,0.659661591053009,0.03477204218506813,0.06991585344076157,0.006845204625278711,0.08401086181402206,0.032225966453552246,0.325003981590271,0.031321678310632706,0.07991863787174225,0.09273609519004822,0.0935538187623024,0.08372709155082703,0.007153660524636507,0.08057232201099396
0.8512617945671082,0.36629000306129456,0.009673891589045525,0.15755325555801392,0.0064460719004273415,0.07130938023328781,0.010024825111031532,0.08486060798168182,0.0024044648744165897,0.06717000156641006,0.017652906477451324,0.12144334614276886,0.023349864408373833,0.004842494148761034,0.09144245088100433
0.9454371929168701,0.6656176447868347,0.01519097201526165,0.06295668333768845,0.004152114037424326,0.07073086500167847,0.009323379956185818,0.07265310734510422,0.001340230694040656,0.02896631509065628,0.02243356592953205,0.06661665439605713,0.04308148846030235,0.0062837195582687855,0.06987601518630981
0.8525121212005615,0.7332881689071655,0.16630491614341736,0.6672558188438416,0.08928172290325165,0.28318917751312256,0.23874786496162415,0.6432695388793945,0.5568143725395203,0.5954945683479309,0.43469128012657166,0.41433048248291016,0.7108848690986633,0.05770280212163925,0.07735571265220642
0.02486388012766838,0.048005297780036926,0.0010475299786776304,0.0018866518512368202,0.0004204836150165647,0.00252521107904613,0.0009888047352433205,0.017975253984332085,0.0006912471144460142,0.0029749248642474413,0.019504820927977562,0.0145976347848773,0.0064032720401883125,0.003952560480684042,0.003377764020115137
0.9213525652885437,0.895106852054596,0.3302385210990906,0.43381956219673157,0.11599718779325485,0.24769319593906403,0.3992847800254822,0.8298079371452332,0.30616089701652527,0.6110192537307739,0.5598788261413574,0.5376096963882446,0.5714768171310425,0.10272444039583206,0.18754863739013672
0.6406263113021851,0.6760810017585754,0.0071358163841068745,0.04687273129820824,0.0021884108427911997,0.029421523213386536,0.0030705861281603575,0.021511707454919815,0.00023668218636885285,0.010597758926451206,0.023531077429652214,0.09225184470415115,0.050652533769607544,0.003198659745976329,0.0330355130136013
0.6669958829879761,0.7201412916183472,0.018186837434768677,0.15194614231586456,0.43332064151763916,0.27187421917915344,0.0061307488940656185,0.04566124081611633,0.0006401198916137218,0.05920562893152237,0.08830379694700241,0.4499315321445465,0.7455652952194214,0.0035002941731363535,0.07512611895799637
0.15262605249881744,0.00922358501702547,0.0014428814174607396,0.010797487571835518,0.0007956397603265941,0.10642988979816437,0.00041643917211331427,0.004140596836805344,0.00035057158675044775,0.00036286425893194973,0.012446561828255653,0.001526291947811842,0.007134533952921629,0.00028146652039140463,0.035861872136592865
0.2840946316719055,0.1858263462781906,0.06340622156858444,0.12892194092273712,0.0020381391514092684,0.28970807790756226,0.015383629128336906,0.06042619049549103,0.00020794625743292272,0.0931776911020279,0.06497672200202942,0.12135306000709534,0.07206714153289795,0.005326863843947649,0.056197427213191986
0.4697151780128479,0.19560621678829193,0.014339231885969639,0.059528887271881104,0.0030159163288772106,0.1366216540336609,0.0065818894654512405,0.032652080059051514,0.025574851781129837,0.016284506767988205,0.0729360282421112,0.020076557993888855,0.09920265525579453,0.0042183250188827515,0.05049540102481842
0.7212359309196472,0.6665487289428711,0.5135183334350586,0.761238694190979,0.5274255275726318,0.35311466455459595,0.416187047958374,0.5784497261047363,0.7099805474281311,0.6046109199523926,0.3303481638431549,0.6334654688835144,0.557103157043457,0.1619783490896225,0.3578124940395355
0.04936905950307846,0.4847228229045868,0.0005477346130646765,0.008361184038221836,0.0005752916331402957,0.03177407756447792,0.00045950309140607715,0.0007733221282251179,4.063113374286331e-05,0.015520787797868252,0.009930090978741646,0.004387838765978813,0.003056903602555394,0.00034994518500752747,0.07474057376384735
0.766688346862793,0.7398515939712524,0.012000259011983871,0.08222579210996628,0.0030300868675112724,0.0920824259519577,0.0025676372461020947,0.07860516011714935,0.00043789087794721127,0.12562789022922516,0.02046954073011875,0.018370985984802246,0.03402487188577652,0.002142015378922224,0.08381577581167221
0.8366661071777344,0.9080015420913696,0.08359023183584213,0.08737141638994217,0.0020787797402590513,0.2578284442424774,0.004951264709234238,0.07077011466026306,0.00039980627479963005,0.18628443777561188,0.0649212971329689,0.1693337857723236,0.10825143754482269,0.009561523795127869,0.07956653088331223
0.9695010781288147,0.6193779110908508,0.031789276748895645,0.04507037252187729,0.0030940226279199123,0.512281060218811,0.0032711317762732506,0.13406255841255188,0.00011261583858868107,0.032181788235902786,0.057681843638420105,0.070804663002491,0.02902127616107464,0.019972141832113266,0.08799055963754654
0.9462637901306152,0.7247101664543152,0.04686262086033821,0.23260262608528137,0.008952206000685692,0.38900578022003174,0.009418110363185406,0.13043171167373657,0.0011027350556105375,0.18946580588817596,0.06319049745798111,0.057177893817424774,0.045727331191301346,0.011480381712317467,0.061636995524168015
0.16569165885448456,0.3059403896331787,0.07373050600290298,0.05317341908812523,0.002262223046272993,0.09644540399312973,0.0023156937677413225,0.09433764219284058,0.000221942100324668,0.07328300178050995,0.6333346366882324,0.033638451248407364,0.015021960251033306,0.0009460609871894121,0.12167039513587952
0.4332641661167145,0.38244524598121643,0.21457424759864807,0.05008521303534508,0.005137400235980749,0.11143761873245239,0.039953432977199554,0.6056695580482483,0.001179688610136509,0.241226926445961,0.2053886204957962,0.21681056916713715,0.29423195123672485,0.0036049559712409973,0.07496248185634613
0.4100646376609802,0.48085805773735046,0.07092468440532684,0.16827067732810974,0.008389757014811039,0.283356249332428,0.03942035138607025,0.08410084992647171,0.0007974437903612852,0.11620449274778366,0.10732124000787735,0.12225513905286789,0.03844289481639862,0.0021910325158387423,0.06123179569840431
0.14121875166893005,0.4376453459262848,0.006115099415183067,0.049842964857816696,0.0023109554313123226,0.22180582582950592,0.006676812190562487,0.08142698556184769,0.00041820824844762683,0.04517129063606262,0.021106939762830734,0.03571360930800438,0.016786450520157814,0.002807899843901396,0.05374264344573021
0.7831306457519531,0.7188918590545654,0.497653603553772,0.22702370584011078,0.013457768596708775,0.8677340149879456,0.02433054894208908,0.26803332567214966,0.003470388939604163,0.20622849464416504,0.2800763249397278,0.25981777906417847,0.263869047164917,0.01092049665749073,0.06717893481254578
0.674583911895752,0.808804452419281,0.16860263049602509,0.25346192717552185,0.009514221921563148,0.8156364560127258,0.007450968958437443,0.34375858306884766,0.0005849602166563272,0.38361644744873047,0.1520717740058899,0.2859686315059662,0.15984052419662476,0.008208554238080978,0.14558528363704681
0.4712334871292114,0.5095280408859253,0.10901349782943726,0.23363657295703888,0.006321463733911514,0.2892143428325653,0.00520710414275527,0.35936033725738525,0.00021943692991044372,0.15519125759601593,0.2773038148880005,0.19021961092948914,0.036511849611997604,0.009849518537521362,0.06917443126440048
0.4597465395927429,0.418418824672699,0.006684136111289263,0.011982587166130543,0.0009112484403885901,0.6711212992668152,0.0008470375905744731,0.01578020490705967,7.517532503698021e-05,0.02091764658689499,0.012067755684256554,0.03963001072406769,0.006081939209252596,0.0032603759318590164,0.07692143321037292
0.9416238069534302,0.7486670613288879,0.0335424579679966,0.3018854856491089,0.010799084790050983,0.6956298351287842,0.017542248591780663,0.0973597913980484,0.0035528303124010563,0.07621468603610992,0.16048848628997803,0.082665354013443,0.10610713064670563,0.00213342416100204,0.08421646803617477
0.7022980451583862,0.6219471096992493,0.07485314458608627,0.8675677180290222,0.0012561611365526915,0.41695335507392883,0.0018986412324011326,0.007241332437843084,0.0007958290516398847,0.49949580430984497,0.24080853164196014,0.0709114819765091,0.010944157838821411,0.002868646988645196,0.051602378487586975
0.7162370085716248,0.7570849657058716,0.13661280274391174,0.23019739985466003,0.024444594979286194,0.8705854415893555,0.03902164474129677,0.10496770590543747,0.00038297264836728573,0.30133330821990967,0.2635471522808075,0.48967671394348145,0.21366029977798462,0.022780606523156166,0.08393705636262894
0.9904026985168457,0.682900607585907,0.09151376038789749,0.10299841314554214,0.04735202714800835,0.7780830264091492,0.05593883991241455,0.3591478765010834,0.0008377854246646166,0.3131834864616394,0.21558153629302979,0.4225473403930664,0.3028911054134369,0.05050181970000267,0.08055821806192398
0.5613713264465332,0.6396819353103638,0.025884278118610382,0.08913237601518631,0.0025107909459620714,0.6099066138267517,0.003474943805485964,0.06056573614478111,0.000195547632756643,0.08828184753656387,0.08719426393508911,0.09889065474271774,0.028955576941370964,0.013253102079033852,0.06658393144607544
0.1579662561416626,0.1926676630973816,0.024463346228003502,0.43288031220436096,0.05707918480038643,0.33010199666023254,0.20602822303771973,0.8548764586448669,0.5400141477584839,0.32703784108161926,0.4516534209251404,0.17096801102161407,0.10139822214841843,0.0012512734392657876,0.011668694205582142
0.530795156955719,0.3082711100578308,0.02815891243517399,0.12336308509111404,0.004754293709993362,0.09085364639759064,0.007278484757989645,0.08016524463891983,0.0010938384803012013,0.044770997017621994,0.0355251282453537,0.1501413881778717,0.1142481341958046,0.015538576990365982,0.08012497425079346
0.52791428565979,0.3248012959957123,0.04501248896121979,0.43354010581970215,0.09840870648622513,0.13334544003009796,0.22680208086967468,0.6598678231239319,0.11796478927135468,0.16025196015834808,0.12223123759031296,0.22110651433467865,0.27493423223495483,0.03766315057873726,0.04662482067942619
0.9238271713256836,0.636127769947052,0.13652747869491577,0.3364127278327942,0.04959217458963394,0.45340046286582947,0.05632011964917183,0.32655683159828186,0.003118190448731184,0.2836640179157257,0.14275769889354706,0.47791776061058044,0.2745693325996399,0.06478606909513474,0.1344790756702423
0.0357656329870224,0.07744783163070679,0.0047761425375938416,0.02637670189142227,0.02842647396028042,0.01238976139575243,0.08321578055620193,0.1873577982187271,0.11858680099248886,0.05094229057431221,0.027163363993167877,0.0170460045337677,0.014499776065349579,0.014660649932920933,0.06588653475046158
0.6801445484161377,0.7410056591033936,0.09262888878583908,0.61424720287323,0.19909580051898956,0.328436940908432,0.3258263170719147,0.7234460711479187,0.18077446520328522,0.5368874073028564,0.2648441791534424,0.6267350316047668,0.4483127295970917,0.09819097071886063,0.17208680510520935
0.1365787386894226,0.5384193062782288,0.08495192974805832,0.03599942475557327,0.00032530486350879073,0.4137006998062134,0.000550727010704577,0.002628281945362687,1.8059645299217664e-05,0.06050242483615875,0.5012069940567017,0.03210008889436722,0.007686198689043522,0.000977122806943953,0.0580717995762825
